{"compress_root":{"compress_split":false,"compress_ext":".png"},"faceMorph":{"makeups":[{"enable":true,"position":[156,474],"tag":"BLUSH","triggerType":0,"triggerDelay":0,"imagePath":"__facemorph/face.png","original_image_size":["454","171"],"triggerStop":false,"imageScale":1,"triggerLoop":0}],"canvasSize":[750,1334],"zPosition":0},"version":"1.1","stickerType":"2D_faceMorph","parts":{"bizi":{"enable":true,"scale":{"scaleX":{"pointA":[{"y":-76.11,"x":-66.47,"index":74}],"pointB":[{"y":-75.66,"x":145.02,"index":77}]},"scaleY":{"pointA":{},"pointB":{}}},"triggerStop":false,"triggerType":0,"rotateCenter":[{"y":28.05,"x":38.99,"index":46}],"positionRelationType":1,"blendMode":0,"positionType":1,"position":{"positionX":[{"y":28.05,"x":38.99,"index":46},{"y":28.05,"x":38.99,"index":46}],"positionY":{}},"triggerDelay":0,"zPosition":1,"height":62,"width":79,"original_image_size":["79","62"],"triggerLoop":0,"frameCount":1,"hotlink_enable":false},"erduo":{"enable":true,"scale":{"scaleX":{"pointA":[{"y":351.89,"x":213.52,"index":74}],"pointB":[{"y":352.32,"x":425.02,"index":77}]},"scaleY":{"pointA":{},"pointB":{}}},"triggerStop":false,"triggerType":0,"rotateCenter":[{"y":456.05,"x":318.98,"index":46}],"positionRelationType":1,"blendMode":0,"positionType":1,"position":{"positionX":[{"y":351.89,"x":213.52,"index":74},{"y":352.32,"x":425.02,"index":77}],"positionY":{}},"triggerDelay":0,"zPosition":2,"height":224,"width":627,"original_image_size":["627","224"],"triggerLoop":0,"frameCount":1,"hotlink_enable":false}}}