{"compress_root":{"compress_split":false,"compress_ext":".png"},"stickerType":"2D","version":"1.1","parts":{"saihongR":{"enable":true,"scale":{"scaleX":{"pointA":[{"y":16.88,"x":-140.47,"index":74}],"pointB":[{"y":17.32,"x":71.02,"index":77}]},"scaleY":{"pointA":{},"pointB":{}}},"position":{"positionX":[{"y":16.88,"x":-140.47,"index":74},{"y":17.32,"x":71.02,"index":77}],"positionY":{}},"triggerDelay":0,"triggerLoop":0,"frameCount":40,"width":242,"triggerType":0,"rotateCenter":[{"y":121.05,"x":-35,"index":46}],"zPosition":4,"triggerStop":false,"positionType":1,"original_image_size":["242","224"],"positionRelationType":1,"height":224,"hotlink_enable":false},"panda":{"enable":true,"scale":{"scaleX":{"pointA":[{"y":-154.61,"x":-312.95,"index":74}],"pointB":[{"y":-153.88,"x":38.24,"index":77}]},"scaleY":{"pointA":{},"pointB":{}}},"position":{"positionX":[{"y":-154.61,"x":-312.95,"index":74},{"y":-153.88,"x":38.24,"index":77}],"positionY":{}},"triggerDelay":0,"triggerLoop":0,"frameCount":61,"width":380,"triggerType":0,"rotateCenter":[{"y":18.36,"x":-137.83,"index":46}],"zPosition":2,"triggerStop":false,"positionType":1,"original_image_size":["380","450"],"positionRelationType":1,"height":450,"hotlink_enable":false},"ear":{"enable":true,"scale":{"scaleX":{"pointA":[{"y":364.89,"x":212.52,"index":74}],"pointB":[{"y":365.32,"x":424.02,"index":77}]},"scaleY":{"pointA":{},"pointB":{}}},"position":{"positionX":[{"y":364.89,"x":212.52,"index":74},{"y":365.32,"x":424.02,"index":77}],"positionY":{}},"triggerDelay":0,"triggerLoop":0,"frameCount":40,"width":630,"triggerType":0,"rotateCenter":[{"y":469.05,"x":317.98,"index":46}],"zPosition":1,"triggerStop":false,"positionType":1,"original_image_size":["630","258"],"positionRelationType":1,"height":258,"hotlink_enable":false},"love":{"enable":true,"scale":{"scaleX":{"pointA":[{"y":179.6,"x":-232.39,"index":74}],"pointB":[{"y":180.05,"x":-20.05,"index":77}]},"scaleY":{"pointA":{},"pointB":{}}},"position":{"positionX":[{"y":179.6,"x":-232.39,"index":74},{"y":180.05,"x":-20.05,"index":77}],"positionY":{}},"triggerDelay":0,"triggerLoop":1,"frameCount":31,"width":250,"triggerType":2,"rotateCenter":[{"y":284.19,"x":-126.51,"index":46}],"zPosition":5,"triggerStop":false,"positionType":1,"original_image_size":["250","200"],"positionRelationType":1,"height":200,"hotlink_enable":false},"Nose":{"enable":true,"scale":{"scaleX":{"pointA":[{"y":-18.52,"x":20.15,"index":45}],"pointB":[{"y":18.05,"x":19.98,"index":46}]},"scaleY":{"pointA":{},"pointB":{}}},"position":{"positionX":[{"y":18.05,"x":19.98,"index":46},{"y":18.05,"x":19.98,"index":46}],"positionY":{}},"triggerDelay":0,"triggerLoop":0,"frameCount":1,"width":41,"triggerType":0,"rotateCenter":[{"y":18.05,"x":19.98,"index":46}],"zPosition":0,"triggerStop":false,"positionType":1,"original_image_size":["41","36"],"positionRelationType":1,"height":36,"hotlink_enable":false},"saihongL":{"enable":true,"scale":{"scaleX":{"pointA":[{"y":16.88,"x":167.52,"index":74}],"pointB":[{"y":17.32,"x":379.02,"index":77}]},"scaleY":{"pointA":{},"pointB":{}}},"position":{"positionX":[{"y":16.88,"x":167.52,"index":74},{"y":17.32,"x":379.02,"index":77}],"positionY":{}},"triggerDelay":0,"triggerLoop":0,"frameCount":40,"width":242,"triggerType":0,"rotateCenter":[{"y":121.05,"x":272.98,"index":46}],"zPosition":3,"triggerStop":false,"positionType":1,"original_image_size":["242","224"],"positionRelationType":1,"height":224,"hotlink_enable":false}}}