{"compress_root":{"compress_split":false,"compress_ext":".png"},"stickerType":"2D","version":"1.1","parts":{"rightear":{"enable":true,"scale":{"scaleX":{"pointA":[{"y":385.24,"x":-123.19,"index":52}],"pointB":[{"y":384.81,"x":132.79,"index":61}]},"scaleY":{"pointA":{},"pointB":{}}},"position":{"positionX":[{"y":395.79,"x":-46.77,"index":55},{"y":395.27,"x":57.06,"index":58}],"positionY":{}},"triggerDelay":0,"positionType":1,"frameCount":41,"triggerType":0,"rotateCenter":[{"y":476.45,"x":6.05,"index":46}],"zPosition":2,"triggerLoop":0,"width":300,"original_image_size":["300","300"],"positionRelationType":1,"height":300,"triggerStop":false},"leftear":{"enable":true,"scale":{"scaleX":{"pointA":[{"y":363.31,"x":194.91,"index":52}],"pointB":[{"y":362.87,"x":453.13,"index":61}]},"scaleY":{"pointA":{},"pointB":{}}},"position":{"positionX":[{"y":373.95,"x":272,"index":55},{"y":373.43,"x":376.74,"index":58}],"positionY":{}},"triggerDelay":0,"positionType":1,"frameCount":41,"triggerType":0,"rotateCenter":[{"y":455.31,"x":325.29,"index":46}],"zPosition":3,"triggerLoop":0,"width":300,"original_image_size":["300","300"],"positionRelationType":1,"height":300,"triggerStop":false},"lefthair":{"enable":true,"scale":{"scaleX":{"pointA":[{"y":51.59,"x":219.5,"index":52}],"pointB":[{"y":51.09,"x":515.59,"index":61}]},"scaleY":{"pointA":{},"pointB":{}}},"position":{"positionX":[{"y":145.69,"x":321.5,"index":80},{"y":145.6,"x":415.7,"index":81},{"y":157.1,"x":369,"index":46},{"y":120.19,"x":368.89,"index":45}],"positionY":{}},"triggerDelay":0,"positionType":1,"frameCount":41,"triggerType":0,"rotateCenter":[{"y":157.1,"x":369,"index":46}],"zPosition":1,"triggerLoop":0,"width":300,"original_image_size":["300","300"],"positionRelationType":1,"height":300,"triggerStop":false},"righthair":{"enable":true,"scale":{"scaleX":{"pointA":[{"y":43.59,"x":-196.5,"index":52}],"pointB":[{"y":43.09,"x":99.59,"index":61}]},"scaleY":{"pointA":{},"pointB":{}}},"position":{"positionX":[{"y":137.69,"x":-94.5,"index":80},{"y":137.6,"x":-0.3,"index":81},{"y":112.19,"x":-47.09,"index":45},{"y":149.1,"x":-47,"index":46}],"positionY":{}},"triggerDelay":0,"positionType":1,"frameCount":41,"triggerType":0,"rotateCenter":[{"y":149.1,"x":-47,"index":46}],"zPosition":0,"triggerLoop":0,"width":300,"original_image_size":["300","300"],"positionRelationType":1,"height":300,"triggerStop":false}}}