{"compress_root":{"compress_split":false,"compress_ext":".png"},"stickerType":"2D","version":"1.1","parts":{"erduo":{"enable":true,"scale":{"scaleX":{"pointA":[{"y":449.91,"x":214.25,"index":74}],"pointB":[{"y":450.26,"x":383,"index":77}]},"scaleY":{"pointA":{},"pointB":{}}},"triggerStop":false,"triggerType":0,"rotateCenter":[{"y":533.02,"x":298.39,"index":46}],"positionRelationType":1,"blendMode":0,"positionType":1,"position":{"positionX":[{"y":449.91,"x":214.25,"index":74},{"y":450.26,"x":383,"index":77}],"positionY":{}},"triggerDelay":0,"zPosition":1,"height":300,"width":600,"original_image_size":["600","300"],"triggerLoop":0,"frameCount":20,"hotlink_enable":false},"xin":{"enable":true,"scale":{"scaleX":{"pointA":[{"y":322.85,"x":403.3,"index":74}],"pointB":[{"y":323.2,"x":572.36,"index":77}]},"scaleY":{"pointA":{},"pointB":{}}},"triggerStop":false,"triggerType":0,"rotateCenter":[{"y":406.12,"x":487.6,"index":46}],"positionRelationType":1,"blendMode":0,"positionType":1,"position":{"positionX":[{"y":322.85,"x":403.3,"index":74},{"y":323.2,"x":572.36,"index":77}],"positionY":{}},"triggerDelay":0,"zPosition":2,"height":500,"width":1000,"original_image_size":["1000","500"],"triggerLoop":0,"frameCount":50,"hotlink_enable":false},"bizi":{"enable":true,"scale":{"scaleX":{"pointA":[{"y":76.66,"x":2.1,"index":82}],"pointB":[{"y":77.09,"x":97.51,"index":83}]},"scaleY":{"pointA":{},"pointB":{}}},"triggerStop":false,"triggerType":0,"rotateCenter":[{"y":63.08,"x":49.99,"index":46}],"positionRelationType":1,"blendMode":0,"positionType":1,"position":{"positionX":[{"y":76.66,"x":2.1,"index":82},{"y":77.09,"x":97.51,"index":83}],"positionY":{}},"triggerDelay":0,"zPosition":0,"height":100,"width":100,"original_image_size":["100","100"],"triggerLoop":0,"frameCount":10,"hotlink_enable":false}}}