{
  "compress_root": {
    "compress_split": false,
    "compress_ext": ".png"
  },
  "faceMorph": {
    "makeups": [
      {
        "enable": true,
        "position": [
          113,
          565
        ],
        "tag": "NONE",
        "triggerType": 0,
        "triggerDelay": 0,
        "imagePath": "__facemorph/tieian",
        "original_image_size": [
          "534",
          "166"
        ],
        "triggerStop": false,
        "imageScale": 1,
        "triggerLoop": 0
      }
    ],
    "canvasSize": [
      750,
      1334
    ],
    "zPosition": 0
  },
  "version": "1.1",
  "stickerType": "2D_faceMorph",
  "parts": {
    "aixin": {
      "enable": true,
      "scale": {
        "scaleX": {
          "pointA": [
            {
              "y": 548.89,
              "x": 279.52,
              "index": 74
            }
          ],
          "pointB": [
            {
              "y": 549.33,
              "x": 491.02,
              "index": 77
            }
          ]
        },
        "scaleY": {
          "pointA": {},
          "pointB": {}
        }
      },
      "triggerStop": false,
      "triggerType": 0,
      "rotateCenter": [
        {
          "y": 653.05,
          "x": 384.98,
          "index": 46
        }
      ],
      "positionRelationType": 1,
      "blendMode": 0,
      "positionType": 1,
      "position": {
        "positionX": [
          {
            "y": 548.89,
            "x": 279.52,
            "index": 74
          },
          {
            "y": 549.33,
            "x": 491.02,
            "index": 77
          }
        ],
        "positionY": {}
      },
      "triggerDelay": 0,
      "zPosition": 2,
      "height": 564,
      "width": 360,
      "original_image_size": [
        "360",
        "564"
      ],
      "triggerLoop": 0,
      "frameCount": 51,
      "hotlink_enable": false
    },
    "erduo": {
      "enable": true,
      "scale": {
        "scaleX": {
          "pointA": [
            {
              "y": 389.29,
              "x": 94.75,
              "index": 52
            }
          ],
          "pointB": [
            {
              "y": 389.67,
              "x": 397.98,
              "index": 61
            }
          ]
        },
        "scaleY": {
          "pointA": {},
          "pointB": {}
        }
      },
      "triggerStop": false,
      "triggerType": 0,
      "rotateCenter": [
        {
          "y": 495.05,
          "x": 245.99,
          "index": 46
        }
      ],
      "positionRelationType": 1,
      "blendMode": 0,
      "positionType": 1,
      "position": {
        "positionX": [
          {
            "y": 389.29,
            "x": 94.75,
            "index": 52
          },
          {
            "y": 389.67,
            "x": 397.98,
            "index": 61
          }
        ],
        "positionY": {}
      },
      "triggerDelay": 0,
      "zPosition": 1,
      "height": 221,
      "width": 494,
      "original_image_size": [
        "494",
        "221"
      ],
      "triggerLoop": 0,
      "frameCount": 8,
      "hotlink_enable": false
    }
  }
}