{"compress_root":{"compress_split":false,"compress_ext":".png"},"stickerType":"2D","version":"1.1","parts":{"whisker":{"enable":true,"scale":{"scaleX":{"pointA":[{"y":-55.95,"x":128.14,"index":74}],"pointB":[{"y":-56.36,"x":339,"index":77}]},"scaleY":{"pointA":{},"pointB":{}}},"position":{"positionX":[{"y":50.13,"x":234.85,"index":46}],"positionY":{}},"triggerDelay":0,"positionType":1,"frameCount":10,"triggerType":0,"rotateCenter":[{"y":50.13,"x":234.85,"index":46}],"zPosition":1,"triggerLoop":0,"width":484,"original_image_size":["484","161"],"positionRelationType":1,"height":161,"triggerStop":false},"crimson":{"enable":true,"scale":{"scaleX":{"pointA":[{"y":-13.82,"x":191.83,"index":74}],"pointB":[{"y":-14.22,"x":398.69,"index":77}]},"scaleY":{"pointA":{},"pointB":{}}},"position":{"positionX":[{"y":90.25,"x":296.52,"index":46}],"positionY":{}},"triggerDelay":0,"positionType":1,"frameCount":1,"triggerType":0,"rotateCenter":[{"y":90.25,"x":296.52,"index":46}],"zPosition":0,"triggerLoop":0,"width":570,"original_image_size":["570","228"],"positionRelationType":1,"height":228,"triggerStop":false},"nose":{"enable":true,"scale":{"scaleX":{"pointA":[{"y":-83.8,"x":-68.5,"index":74}],"pointB":[{"y":-84.19,"x":138,"index":77}]},"scaleY":{"pointA":{},"pointB":{}}},"position":{"positionX":[{"y":20.1,"x":36,"index":46}],"positionY":{}},"triggerDelay":0,"positionType":1,"frameCount":20,"triggerType":0,"rotateCenter":[{"y":20.1,"x":36,"index":46}],"zPosition":2,"triggerLoop":0,"width":74,"original_image_size":["74","48"],"positionRelationType":1,"height":48,"triggerStop":false}}}