{"compress_root":{"compress_split":false,"compress_ext":".png"},"stickerType":"2D","version":"1.1","parts":{"x":{"enable":true,"scale":{"scaleX":{"pointA":[{"y":-51.89,"x":90.46,"index":74}],"pointB":[{"y":-51.52,"x":270.06,"index":77}]},"scaleY":{"pointA":{},"pointB":{}}},"triggerStop":false,"triggerType":0,"rotateCenter":[{"y":36.56,"x":180.01,"index":46}],"positionRelationType":1,"blendMode":0,"positionType":1,"position":{"positionX":[{"y":-51.89,"x":90.46,"index":74},{"y":-51.52,"x":270.06,"index":77}],"positionY":{}},"triggerDelay":0,"zPosition":0,"height":45,"width":366,"original_image_size":["366","45"],"triggerLoop":0,"frameCount":9,"hotlink_enable":false}}}