{"compress_root":{"compress_split":false,"compress_ext":".png"},"faceMorph":{"makeups":[{"enable":true,"position":[154,550],"tag":"EYE","triggerType":0,"triggerDelay":0,"imagePath":"__facemorph/saihong_000.png","original_image_size":["471","194"],"triggerStop":false,"imageScale":1,"triggerLoop":0}],"canvasSize":[750,1334],"zPosition":0},"version":"1.1","stickerType":"2D_faceMorph","parts":{"bizi":{"enable":true,"scale":{"scaleX":{"pointA":[{"y":9.55,"x":94.76,"index":45}],"pointB":[{"y":113.59,"x":93.39,"index":49}]},"scaleY":{"pointA":{},"pointB":{}}},"triggerStop":false,"triggerType":0,"rotateCenter":[{"y":56.29,"x":94.54,"index":46}],"positionRelationType":1,"blendMode":0,"positionType":1,"position":{"positionX":[{"y":9.55,"x":94.76,"index":45},{"y":113.59,"x":93.39,"index":49}],"positionY":{}},"triggerDelay":0,"zPosition":1,"height":146,"width":184,"original_image_size":["184","146"],"triggerLoop":0,"frameCount":14,"hotlink_enable":false},"weiba":{"enable":false,"scale":{"scaleX":{"pointA":[{"y":-241.69,"x":299.75,"index":52}],"pointB":[{"y":-241.32,"x":602.98,"index":61}]},"scaleY":{"pointA":{},"pointB":{}}},"triggerStop":false,"triggerType":0,"rotateCenter":[{"y":-135.94,"x":450.98,"index":46}],"positionRelationType":1,"blendMode":0,"positionType":1,"position":{"positionX":[{"y":-241.69,"x":299.75,"index":52},{"y":-241.32,"x":602.98,"index":61}],"positionY":{}},"triggerDelay":0,"zPosition":3,"height":204,"width":203,"original_image_size":["203","204"],"triggerLoop":0,"frameCount":14,"hotlink_enable":false},"baozha":{"enable":true,"scale":{"scaleX":{"pointA":[{"y":573.89,"x":279.52,"index":74}],"pointB":[{"y":574.33,"x":491.02,"index":77}]},"scaleY":{"pointA":{},"pointB":{}}},"triggerStop":false,"triggerType":0,"rotateCenter":[{"y":678.05,"x":384.98,"index":46}],"positionRelationType":1,"blendMode":0,"positionType":1,"position":{"positionX":[{"y":573.89,"x":279.52,"index":74},{"y":574.33,"x":491.02,"index":77}],"positionY":{}},"triggerDelay":0,"zPosition":4,"height":1334,"width":750,"original_image_size":["750","1334"],"triggerLoop":0,"frameCount":71,"hotlink_enable":false},"erduo":{"enable":true,"scale":{"scaleX":{"pointA":[{"y":667.79,"x":318.91,"index":82}],"pointB":[{"y":668.39,"x":450.57,"index":83}]},"scaleY":{"pointA":{},"pointB":{}}},"triggerStop":false,"triggerType":0,"rotateCenter":[{"y":649.05,"x":384.98,"index":46}],"positionRelationType":1,"blendMode":0,"positionType":1,"position":{"positionX":[{"y":667.79,"x":318.91,"index":82},{"y":668.39,"x":450.57,"index":83}],"positionY":{}},"triggerDelay":0,"zPosition":2,"height":1334,"width":750,"original_image_size":["750","1334"],"triggerLoop":0,"frameCount":14,"hotlink_enable":false}}}