{"compress_root":{"compress_split":false,"compress_ext":".png"},"stickerType":"2D","version":"1.1","parts":{"er":{"enable":true,"scale":{"scaleX":{"pointA":[{"y":380.98,"x":281.41,"index":58}],"pointB":[{"y":366.82,"x":394.59,"index":61}]},"scaleY":{"pointA":{},"pointB":{}}},"triggerStop":false,"triggerType":0,"rotateCenter":[{"y":498,"x":205.38,"index":46}],"positionRelationType":1,"blendMode":0,"positionType":1,"position":{"positionX":[{"y":380.98,"x":281.41,"index":58},{"y":366.82,"x":394.59,"index":61}],"positionY":{}},"triggerDelay":0,"zPosition":3,"height":300,"width":600,"original_image_size":["600","300"],"triggerLoop":0,"frameCount":30,"hotlink_enable":false},"el":{"enable":true,"scale":{"scaleX":{"pointA":[{"y":370.66,"x":191.73,"index":52}],"pointB":[{"y":385.12,"x":305.69,"index":55}]},"scaleY":{"pointA":{},"pointB":{}}},"triggerStop":false,"triggerType":0,"rotateCenter":[{"y":503.42,"x":381.57,"index":46}],"positionRelationType":1,"blendMode":0,"positionType":1,"position":{"positionX":[{"y":370.66,"x":191.73,"index":52},{"y":385.12,"x":305.69,"index":55}],"positionY":{}},"triggerDelay":0,"zPosition":2,"height":300,"width":600,"original_image_size":["600","300"],"triggerLoop":0,"frameCount":30,"hotlink_enable":false},"xmm":{"enable":true,"scale":{"scaleX":{"pointA":[{"y":662.89,"x":191.52,"index":74}],"pointB":[{"y":663.33,"x":403.02,"index":77}]},"scaleY":{"pointA":{},"pointB":{}}},"triggerStop":false,"triggerType":0,"rotateCenter":[{"y":767.05,"x":296.98,"index":46}],"positionRelationType":1,"blendMode":0,"positionType":1,"position":{"positionX":[{"y":662.89,"x":191.52,"index":74},{"y":663.33,"x":403.02,"index":77}],"positionY":{}},"triggerDelay":0,"zPosition":1,"height":500,"width":600,"original_image_size":["600","500"],"triggerLoop":0,"frameCount":65,"hotlink_enable":false},"bizi":{"enable":true,"scale":{"scaleX":{"pointA":[{"y":107.27,"x":254.17,"index":80}],"pointB":[{"y":107.8,"x":357.49,"index":81}]},"scaleY":{"pointA":{},"pointB":{}}},"triggerStop":false,"triggerType":0,"rotateCenter":[{"y":121.35,"x":305.89,"index":46}],"positionRelationType":1,"blendMode":0,"positionType":1,"position":{"positionX":[{"y":141.46,"x":234.96,"index":82},{"y":142.1,"x":376.28,"index":83}],"positionY":{}},"triggerDelay":0,"zPosition":0,"height":300,"width":600,"original_image_size":["600","300"],"triggerLoop":0,"frameCount":30,"hotlink_enable":false}}}