{"compress_root":{"compress_split":false,"compress_ext":".png"},"stickerType":"2D","version":"1.1","parts":{"xinokd":{"enable":true,"scale":{"scaleX":{"pointA":[{"y":1.3,"x":0,"index":106}],"pointB":[{"y":1.3,"x":488.16,"index":107}]},"scaleY":{"pointA":{},"pointB":{}}},"triggerStop":false,"triggerType":0,"rotateCenter":[{"y":444.5,"x":250}],"positionRelationType":0,"blendMode":0,"positionType":0,"position":{"positionX":[{"y":1.3,"x":0,"index":106},{"y":1.3,"x":488.16,"index":107}],"positionY":{}},"triggerDelay":0,"zPosition":0,"height":889,"width":500,"original_image_size":["500","889"],"triggerLoop":0,"frameCount":129,"hotlink_enable":false}}}